Harmonic Number (n),Segment Length L/n (m),Segment Length Squared (L²/n² (m²),Tension T (N= kg m/s²),Wave Speed v (m/s),√Tension (√N),Predicted (L/n)²
2.0,0.68,0.4624,1.8639,75.39824268509368,1.3652472303579304,0.39478437500001967
3.0,0.505,0.255,1.03,56.049085630366505,1.014889156509222,0.21815972222223312
4.0,0.37,0.1369,0.5396,40.56821415837875,0.7345747068882783,0.11429027777778347
5.0,0.27,0.0729,0.2943,29.9602236306748,0.5424942396007537,0.06233437500000311
6.0,0.255,0.065,0.2453,27.352604994772204,0.49527769988159165,0.051955902777780366
7.0,0.18,0.0324,0.1472,21.188676221038975,0.38366652186501754,0.031177777777779334
8.0,0.165,0.0272,0.1177,18.94689948250156,0.34307433596816883,0.024929513888890132
