Harmonic (n),Segment Length L/n (m),Tension T (N),√Tension (√N),Wave Speed v (m/s),Expected v (m/s),Speed Ratio (v/√T)
2.0,0.68,1.8639,1.3652472303579304,75.39824268509368,75.39824268509368,55.22680508593768
3.0,0.505,1.03,1.014889156509222,56.049085630366505,56.0490856303665,55.226805085937684
4.0,0.37,0.5396,0.7345747068882783,40.56821415837875,40.568214158378744,55.226805085937684
5.0,0.27,0.2943,0.5424942396007537,29.9602236306748,29.960223630674797,55.226805085937684
6.0,0.255,0.2453,0.49527769988159165,27.352604994772204,27.3526049947722,55.226805085937684
7.0,0.18,0.1472,0.38366652186501754,21.188676221038975,21.18867622103897,55.22680508593769
8.0,0.165,0.1177,0.34307433596816883,18.94689948250156,18.946899482501557,55.226805085937684
